id,username,email,created_at
1,vividdelta57,vividdelta57@example.com,2024-10-03 02:54:42
2,jadequartz36,jadequartz36@opswise.net,2025-06-01 10:19:51
3,livelyuplink14,livelyuplink14@opswise.net,2025-12-06 20:46:49
4,livelyisland26,livelyisland26@example.com,2025-06-27 23:35:21
5,navygarden62,navygarden62@relay.cloud,2025-09-07 10:07:05
6,dawntrail36,dawntrail36@acme.dev,2024-11-23 04:16:45
7,calmvalley81,calmvalley81@seeded.app,2024-09-03 01:01:54
8,emberzenith54,emberzenith54@example.com,2024-09-15 14:46:00
9,jadenetwork86,jadenetwork86@seeded.app,2025-07-26 05:29:26
10,calmuplink47,calmuplink47@seeded.app,2025-08-01 09:40:44
11,amberzenith05,amberzenith05@opswise.net,2025-09-27 03:08:43
12,proudjourney63,proudjourney63@acme.dev,2024-02-13 07:46:45
13,goldvalley50,goldvalley50@hackstack.io,2025-02-03 18:58:31
14,livelycanyon21,livelycanyon21@hackstack.io,2025-12-14 21:14:20
15,tidytrail68,tidytrail68@hackstack.io,2024-04-10 16:24:38
16,emberengine25,emberengine25@acme.dev,2025-01-02 03:32:09
17,urbanisland96,urbanisland96@hackstack.io,2025-01-29 17:38:42
18,rapidkernel49,rapidkernel49@acme.dev,2024-02-13 02:30:06
19,tidysignal06,tidysignal06@acme.dev,2024-03-20 14:42:16
20,vividkernel80,vividkernel80@acme.dev,2025-09-03 03:46:04
21,dawngarden52,dawngarden52@hackstack.io,2024-03-27 07:53:56
22,opalharvest55,opalharvest55@opswise.net,2025-05-08 09:43:18
23,dawnkernel63,dawnkernel63@relay.cloud,2024-04-07 21:17:07
24,clearquartz75,clearquartz75@opswise.net,2024-01-17 12:45:25
25,calmquartz70,calmquartz70@seeded.app,2024-04-19 22:49:53
26,brisktrail71,brisktrail71@acme.dev,2025-11-30 05:46:49
27,navyjourney13,navyjourney13@acme.dev,2024-11-06 13:38:53
28,silverkernel19,silverkernel19@opswise.net,2025-03-27 08:48:52
29,briskkernel07,briskkernel07@hackstack.io,2025-06-12 05:17:55
30,silverisland82,silverisland82@example.com,2024-07-31 10:30:00
31,navyorbit79,navyorbit79@example.com,2024-12-05 17:36:40
32,silversignal95,silversignal95@acme.dev,2025-03-12 22:24:55
33,silverzenith18,silverzenith18@example.com,2025-02-08 20:43:07
34,goldpioneer71,goldpioneer71@acme.dev,2025-03-05 04:51:20
35,quietkernel90,quietkernel90@opswise.net,2025-10-22 01:32:35
36,silverriver84,silverriver84@seeded.app,2024-05-23 22:00:17
37,livelyfield10,livelyfield10@opswise.net,2025-02-14 19:00:27
38,navycanyon29,navycanyon29@hackstack.io,2024-10-20 20:27:10
39,dawnquartz03,dawnquartz03@seeded.app,2025-02-17 13:32:52
40,navyanchor42,navyanchor42@acme.dev,2026-01-02 14:21:10
41,calmengine46,calmengine46@hackstack.io,2024-06-29 08:35:16
42,briskengine13,briskengine13@example.com,2024-12-30 16:22:31
43,harborwindow81,harborwindow81@seeded.app,2025-02-20 07:38:29
44,livelyfield87,livelyfield87@opswise.net,2024-11-21 11:30:37
45,tidypioneer78,tidypioneer78@hackstack.io,2024-06-23 06:19:08
46,navytrail88,navytrail88@opswise.net,2025-05-23 03:45:55
47,harbortrail47,harbortrail47@example.com,2024-12-22 03:15:07
48,opaltrail91,opaltrail91@relay.cloud,2025-07-31 11:29:17
49,clearzenith88,clearzenith88@seeded.app,2024-04-16 06:51:57
50,embermeadow76,embermeadow76@acme.dev,2025-03-07 23:31:22
51,opalfield83,opalfield83@relay.cloud,2024-09-05 12:41:40
52,briskcanyon24,briskcanyon24@seeded.app,2025-06-24 08:32:03
53,forestcanyon82,forestcanyon82@relay.cloud,2024-03-25 08:16:21
54,briskharvest84,briskharvest84@relay.cloud,2024-08-28 11:14:34
55,calmquartz11,calmquartz11@example.com,2025-02-12 23:44:39
56,navyharvest23,navyharvest23@acme.dev,2025-08-31 23:04:16
57,amberbeacon77,amberbeacon77@opswise.net,2024-11-23 21:16:06
58,briskgarden26,briskgarden26@example.com,2025-06-29 09:08:31
59,urbansignal30,urbansignal30@acme.dev,2024-01-13 07:47:17
60,tidyengine21,tidyengine21@acme.dev,2024-03-19 03:54:52
61,briskcanyon19,briskcanyon19@seeded.app,2024-03-30 02:15:53
62,warmengine91,warmengine91@seeded.app,2024-01-14 06:30:23
63,briskfield22,briskfield22@opswise.net,2024-03-17 13:07:14
64,melloworbit92,melloworbit92@acme.dev,2024-04-23 01:48:38
65,proudriver94,proudriver94@relay.cloud,2025-02-25 09:47:11
66,livelywindow70,livelywindow70@example.com,2025-05-17 14:39:20
67,warmwindow91,warmwindow91@hackstack.io,2024-02-11 20:22:45
68,silveruplink20,silveruplink20@acme.dev,2024-01-26 13:53:40
69,silverjourney47,silverjourney47@acme.dev,2024-04-27 07:27:15
70,tidytrail65,tidytrail65@example.com,2024-04-23 23:27:30
71,urbanlagoon90,urbanlagoon90@example.com,2024-10-17 20:33:37
72,warmisland45,warmisland45@example.com,2024-09-17 00:34:47
73,ivorydelta46,ivorydelta46@seeded.app,2024-04-27 05:54:04
74,navyanchor56,navyanchor56@relay.cloud,2025-08-24 09:02:58
75,cleardelta69,cleardelta69@opswise.net,2024-06-09 00:51:13
76,ivoryuplink27,ivoryuplink27@example.com,2025-06-11 08:09:35
77,mellowsignal65,mellowsignal65@seeded.app,2024-09-25 10:16:39
78,cobaltriver64,cobaltriver64@opswise.net,2025-09-11 01:55:59
79,proudkernel60,proudkernel60@example.com,2024-08-30 03:18:56
80,calmgarden14,calmgarden14@hackstack.io,2024-11-08 02:04:17
81,jadefield64,jadefield64@opswise.net,2025-03-28 23:18:58
82,mellowisland61,mellowisland61@seeded.app,2025-02-22 01:32:00
83,forestengine64,forestengine64@hackstack.io,2024-12-25 21:56:46
84,jadewindow55,jadewindow55@example.com,2025-02-03 16:54:26
85,cobaltyard26,cobaltyard26@hackstack.io,2025-02-05 08:56:22
86,cobaltquartz04,cobaltquartz04@relay.cloud,2025-03-10 11:58:01
87,jadefield05,jadefield05@seeded.app,2025-04-07 05:54:07
88,tidyfield44,tidyfield44@opswise.net,2024-12-31 07:27:39
89,opalbeacon81,opalbeacon81@seeded.app,2024-06-29 08:56:46
90,quietnetwork72,quietnetwork72@opswise.net,2025-01-25 23:31:57
91,opalorbit03,opalorbit03@seeded.app,2024-08-31 14:14:05
92,briskfield24,briskfield24@seeded.app,2024-11-02 13:53:45
93,forestmeadow81,forestmeadow81@relay.cloud,2025-09-30 15:14:40
94,livelydelta53,livelydelta53@seeded.app,2025-08-07 21:28:36
95,navyuplink25,navyuplink25@relay.cloud,2025-11-27 15:35:44
96,brisktrail87,brisktrail87@opswise.net,2024-07-22 19:41:55
97,navyorbit28,navyorbit28@seeded.app,2025-10-20 20:00:26
98,quietorbit35,quietorbit35@seeded.app,2024-12-15 16:36:30
99,briskanchor46,briskanchor46@relay.cloud,2024-05-03 15:42:30
100,quietjourney15,quietjourney15@opswise.net,2025-05-19 01:33:42
101,tidylagoon86,tidylagoon86@example.com,2024-09-22 18:59:31
102,quietorbit99,quietorbit99@seeded.app,2025-11-30 19:25:33
103,silverengine31,silverengine31@opswise.net,2025-07-18 21:26:08
104,briskuplink47,briskuplink47@relay.cloud,2024-10-28 05:53:00
105,jadeuplink50,jadeuplink50@example.com,2024-01-06 07:58:38
106,harborjourney02,harborjourney02@seeded.app,2024-09-05 00:23:24
107,ivoryanchor71,ivoryanchor71@seeded.app,2024-04-15 05:37:15
108,urbanquartz23,urbanquartz23@opswise.net,2024-06-06 10:26:47
109,tidytrail38,tidytrail38@seeded.app,2025-12-16 05:32:29
110,briskriver46,briskriver46@seeded.app,2024-05-26 01:40:28
111,briskkernel21,briskkernel21@opswise.net,2024-04-14 15:10:09
112,briskquartz86,briskquartz86@opswise.net,2025-07-07 07:10:54
113,cobaltharvest10,cobaltharvest10@opswise.net,2024-06-02 19:55:25
114,vividkernel59,vividkernel59@example.com,2024-03-05 15:26:25
115,mellowvalley73,mellowvalley73@example.com,2025-06-03 19:27:02
116,jadenetwork57,jadenetwork57@acme.dev,2025-10-24 10:35:21
117,proudharvest65,proudharvest65@hackstack.io,2024-08-01 02:51:24
118,briskorbit42,briskorbit42@seeded.app,2024-11-05 16:34:24
119,rapidgarden16,rapidgarden16@hackstack.io,2025-01-21 11:35:59
120,harborvalley80,harborvalley80@seeded.app,2026-01-20 19:21:58
121,clearnetwork45,clearnetwork45@example.com,2024-07-06 07:13:02
122,emberkernel33,emberkernel33@relay.cloud,2025-01-31 04:40:05
123,forestkernel23,forestkernel23@example.com,2024-06-26 14:28:07
124,clearengine70,clearengine70@acme.dev,2025-03-28 19:39:32
125,rapidbeacon90,rapidbeacon90@hackstack.io,2024-05-12 09:18:29
126,cobaltzenith15,cobaltzenith15@seeded.app,2025-10-11 21:30:47
127,rapidyard56,rapidyard56@example.com,2025-12-18 16:36:38
128,harborlagoon38,harborlagoon38@relay.cloud,2025-07-30 01:43:28
129,youngengine81,youngengine81@hackstack.io,2025-01-02 11:25:08
130,jadeorbit66,jadeorbit66@example.com,2025-01-31 14:51:46
131,cobaltvalley04,cobaltvalley04@seeded.app,2025-05-06 01:19:09
132,vividdelta37,vividdelta37@acme.dev,2026-01-03 01:59:31
133,urbanorbit91,urbanorbit91@example.com,2025-10-20 05:15:00
134,cobaltorbit53,cobaltorbit53@seeded.app,2024-09-12 09:47:50
135,proudorbit92,proudorbit92@seeded.app,2024-02-28 11:18:07
136,youngzenith55,youngzenith55@hackstack.io,2024-04-01 04:26:03
137,goldtrail43,goldtrail43@opswise.net,2024-06-07 08:46:15
138,proudmeadow09,proudmeadow09@seeded.app,2026-01-16 12:20:15
139,urbanmeadow24,urbanmeadow24@relay.cloud,2024-05-14 15:09:42
140,jadeuplink34,jadeuplink34@example.com,2025-03-04 19:58:43
141,forestmeadow66,forestmeadow66@example.com,2025-07-31 06:50:23
142,urbanfield33,urbanfield33@seeded.app,2024-09-20 09:58:40
143,melloworbit96,melloworbit96@acme.dev,2025-12-16 23:26:21
144,briskquartz97,briskquartz97@acme.dev,2024-01-04 04:56:36
145,harborlagoon40,harborlagoon40@acme.dev,2024-09-28 01:58:44
146,ivoryyard20,ivoryyard20@relay.cloud,2025-10-03 12:29:13
147,urbananchor39,urbananchor39@example.com,2024-11-01 11:00:30
148,warmmeadow77,warmmeadow77@relay.cloud,2025-01-13 18:12:27
149,quietgarden50,quietgarden50@relay.cloud,2024-07-01 03:48:52
150,harborsignal89,harborsignal89@opswise.net,2025-09-19 01:29:47
151,livelyjourney61,livelyjourney61@opswise.net,2024-02-20 06:18:04
152,calmgarden61,calmgarden61@example.com,2024-06-01 00:25:02
153,navyzenith40,navyzenith40@example.com,2025-03-30 06:23:17
154,ambernetwork34,ambernetwork34@seeded.app,2025-06-19 09:01:48
155,navyanchor06,navyanchor06@opswise.net,2025-07-21 20:05:02
156,foresttrail53,foresttrail53@opswise.net,2026-01-08 23:29:51
157,quietzenith22,quietzenith22@hackstack.io,2024-10-16 08:43:22
158,ivoryjourney82,ivoryjourney82@acme.dev,2025-01-11 08:08:03
159,forestbeacon00,forestbeacon00@opswise.net,2026-01-15 08:08:26
160,briskisland21,briskisland21@opswise.net,2026-01-29 00:58:05
161,harborpioneer97,harborpioneer97@acme.dev,2024-02-21 21:18:07
162,silverdelta41,silverdelta41@opswise.net,2024-06-22 17:23:53
163,quietcanyon95,quietcanyon95@seeded.app,2025-01-26 20:16:52
164,briskorbit18,briskorbit18@relay.cloud,2024-09-01 19:16:40
165,keenriver44,keenriver44@seeded.app,2024-04-19 05:53:14
166,calmpioneer06,calmpioneer06@hackstack.io,2025-06-22 00:24:02
167,keenanchor03,keenanchor03@hackstack.io,2024-09-09 15:22:27
168,urbannetwork56,urbannetwork56@opswise.net,2024-06-20 23:58:52
169,warmnetwork27,warmnetwork27@opswise.net,2025-10-12 19:08:42
170,prouduplink93,prouduplink93@acme.dev,2024-04-11 23:32:41
171,navyquartz24,navyquartz24@example.com,2025-07-09 12:53:23
172,livelyfield01,livelyfield01@acme.dev,2024-08-12 08:33:12
173,ivoryanchor53,ivoryanchor53@seeded.app,2025-03-15 19:26:55
174,urbanmeadow42,urbanmeadow42@opswise.net,2024-03-13 04:08:33
175,calmriver82,calmriver82@opswise.net,2025-01-14 22:35:58
176,cleargarden31,cleargarden31@example.com,2026-01-02 09:13:23
177,tidygarden05,tidygarden05@acme.dev,2025-12-14 20:27:01
178,cobaltkernel78,cobaltkernel78@opswise.net,2024-08-16 06:42:22
179,dawnvalley56,dawnvalley56@seeded.app,2024-06-17 04:06:16
180,vividorbit86,vividorbit86@hackstack.io,2025-01-15 18:44:54
181,dawnisland20,dawnisland20@opswise.net,2025-05-02 11:27:15
182,harboranchor44,harboranchor44@opswise.net,2025-01-15 19:45:17
183,urbansignal92,urbansignal92@acme.dev,2025-05-17 20:48:26
184,emberisland39,emberisland39@acme.dev,2024-04-05 00:47:25
185,goldfield13,goldfield13@seeded.app,2024-08-28 22:03:33
186,warmbeacon53,warmbeacon53@example.com,2025-08-06 14:55:15
187,clearlagoon66,clearlagoon66@hackstack.io,2026-01-29 15:24:17
188,rapidanchor95,rapidanchor95@seeded.app,2025-03-29 11:32:57
189,briskuplink72,briskuplink72@example.com,2025-01-12 00:10:52
190,vividvalley15,vividvalley15@acme.dev,2025-01-13 14:32:23
191,tidyengine41,tidyengine41@example.com,2025-09-04 19:27:21
192,cobaltgarden09,cobaltgarden09@relay.cloud,2025-10-11 06:03:00
193,clearwindow92,clearwindow92@hackstack.io,2025-05-11 14:09:33
194,silverorbit64,silverorbit64@example.com,2025-07-24 20:20:46
195,keenquartz39,keenquartz39@example.com,2024-12-23 12:45:11
196,amberanchor71,amberanchor71@seeded.app,2025-12-22 06:10:58
197,opalorbit94,opalorbit94@relay.cloud,2024-07-17 12:12:39
198,keenyard94,keenyard94@opswise.net,2024-05-26 01:06:25
199,ivoryengine01,ivoryengine01@relay.cloud,2025-10-31 19:37:58
200,ambermeadow94,ambermeadow94@acme.dev,2025-02-01 10:55:35
201,goldkernel08,goldkernel08@seeded.app,2024-05-10 09:16:47
202,cobaltbeacon10,cobaltbeacon10@seeded.app,2025-11-16 17:06:31
203,quietfield25,quietfield25@opswise.net,2024-05-20 01:25:51
204,brisklagoon11,brisklagoon11@acme.dev,2024-01-26 09:25:29
205,silverquartz17,silverquartz17@relay.cloud,2025-02-17 07:52:38
206,melloworbit15,melloworbit15@relay.cloud,2025-02-10 16:46:34
207,proudpioneer00,proudpioneer00@seeded.app,2025-10-06 03:08:40
208,navyfield10,navyfield10@opswise.net,2025-04-13 11:21:53
209,opalanchor98,opalanchor98@hackstack.io,2024-12-30 10:14:59
210,clearfield67,clearfield67@example.com,2025-05-17 16:39:41
211,rapiddelta13,rapiddelta13@hackstack.io,2024-06-13 07:39:52
212,warmzenith15,warmzenith15@hackstack.io,2025-03-27 04:17:40
213,calmtrail37,calmtrail37@acme.dev,2025-06-21 19:54:47
214,embertrail10,embertrail10@opswise.net,2024-03-28 08:14:38
215,warmtrail86,warmtrail86@relay.cloud,2025-01-23 21:11:03
216,clearvalley74,clearvalley74@example.com,2026-01-31 15:05:08
217,rapidnetwork10,rapidnetwork10@opswise.net,2025-07-19 15:48:51
218,jadeyard10,jadeyard10@acme.dev,2024-09-18 18:08:54
219,proudbeacon03,proudbeacon03@example.com,2024-01-03 00:23:08
220,ambermeadow76,ambermeadow76@hackstack.io,2024-07-26 16:43:05
221,forestlagoon12,forestlagoon12@seeded.app,2025-06-16 03:02:22
222,jadelagoon35,jadelagoon35@example.com,2024-11-24 23:14:51
223,cobaltmeadow54,cobaltmeadow54@hackstack.io,2024-04-30 11:01:35
224,tidymeadow42,tidymeadow42@relay.cloud,2024-11-07 14:07:17
225,urbangarden10,urbangarden10@hackstack.io,2025-03-23 19:29:59
226,forestengine51,forestengine51@relay.cloud,2024-01-20 16:42:15
227,cobaltquartz62,cobaltquartz62@acme.dev,2024-12-05 23:03:56
228,tidykernel38,tidykernel38@seeded.app,2025-02-11 00:40:00
229,dawnuplink16,dawnuplink16@seeded.app,2025-04-11 05:08:38
230,calmdelta28,calmdelta28@opswise.net,2024-08-13 12:36:26
231,youngtrail66,youngtrail66@example.com,2025-10-21 01:38:44
232,ivorybeacon41,ivorybeacon41@relay.cloud,2025-06-30 16:07:58
233,jadeorbit89,jadeorbit89@seeded.app,2024-11-24 09:20:19
234,calmyard40,calmyard40@opswise.net,2024-11-08 22:07:37
235,quietkernel43,quietkernel43@opswise.net,2024-10-15 06:26:04
236,silverharvest94,silverharvest94@hackstack.io,2024-02-05 17:26:27
237,silverlagoon36,silverlagoon36@opswise.net,2025-11-22 04:24:57
238,silverorbit13,silverorbit13@relay.cloud,2025-07-01 10:20:11
239,briskorbit86,briskorbit86@hackstack.io,2025-04-24 06:35:52
240,navysignal89,navysignal89@seeded.app,2025-06-04 20:30:04
241,keenvalley30,keenvalley30@relay.cloud,2024-09-20 22:16:36
242,proudharvest87,proudharvest87@seeded.app,2024-06-01 12:09:28
243,navyorbit02,navyorbit02@example.com,2025-03-19 23:32:27
244,briskengine63,briskengine63@opswise.net,2024-10-07 08:06:54
245,mellownetwork44,mellownetwork44@example.com,2025-12-04 05:06:07
246,jadelagoon30,jadelagoon30@hackstack.io,2025-12-08 22:44:09
247,tidyorbit22,tidyorbit22@seeded.app,2024-11-09 10:59:40
248,silverbeacon70,silverbeacon70@example.com,2024-08-18 09:38:28
249,jademeadow47,jademeadow47@hackstack.io,2026-01-05 01:02:42
250,jadepioneer42,jadepioneer42@opswise.net,2025-06-28 21:53:48
251,cobaltgarden88,cobaltgarden88@seeded.app,2026-01-14 19:27:45
252,quietuplink80,quietuplink80@hackstack.io,2025-07-20 17:07:05
253,navymeadow40,navymeadow40@example.com,2025-10-05 22:53:23
254,ivoryengine66,ivoryengine66@acme.dev,2024-11-24 04:49:20
255,mellowfield39,mellowfield39@opswise.net,2024-01-13 22:45:43
256,dawnfield43,dawnfield43@acme.dev,2024-08-23 23:30:41
257,proudyard97,proudyard97@relay.cloud,2025-08-13 11:59:42
258,urbanwindow64,urbanwindow64@relay.cloud,2025-02-02 06:03:35
259,urbanwindow47,urbanwindow47@opswise.net,2025-11-11 10:04:14
260,tidyisland55,tidyisland55@hackstack.io,2024-07-17 08:16:31
261,dawnkernel41,dawnkernel41@seeded.app,2024-09-19 02:24:31
262,clearharvest25,clearharvest25@relay.cloud,2025-02-03 15:04:04
263,youngwindow92,youngwindow92@opswise.net,2024-04-06 00:29:23
264,jaderiver85,jaderiver85@relay.cloud,2024-02-13 13:54:33
265,quietbeacon71,quietbeacon71@acme.dev,2024-09-22 07:06:12
266,tidyfield93,tidyfield93@seeded.app,2025-09-10 22:20:43
267,clearharvest19,clearharvest19@relay.cloud,2025-03-08 22:47:40
268,ivorymeadow49,ivorymeadow49@example.com,2025-09-08 07:09:32
269,briskvalley61,briskvalley61@hackstack.io,2024-09-24 03:39:41
270,keenmeadow89,keenmeadow89@relay.cloud,2025-12-27 11:58:26
271,navymeadow02,navymeadow02@opswise.net,2024-07-14 23:23:51
272,ivorysignal28,ivorysignal28@example.com,2025-10-06 20:23:43
273,forestjourney16,forestjourney16@seeded.app,2024-10-20 05:17:48
274,clearquartz38,clearquartz38@relay.cloud,2025-04-19 04:13:50
275,navypioneer30,navypioneer30@acme.dev,2024-09-25 14:44:12
276,urbangarden74,urbangarden74@example.com,2024-04-18 19:20:45
277,warmkernel15,warmkernel15@opswise.net,2025-05-22 11:33:58
278,amberlagoon65,amberlagoon65@example.com,2024-10-29 16:18:54
279,cleardelta35,cleardelta35@seeded.app,2025-12-11 12:10:08
280,forestkernel22,forestkernel22@relay.cloud,2025-04-13 23:43:57
281,quietzenith09,quietzenith09@hackstack.io,2025-09-18 02:15:44
282,goldwindow55,goldwindow55@relay.cloud,2024-10-25 19:22:40
283,opalwindow00,opalwindow00@example.com,2025-11-26 05:27:56
284,cobaltorbit17,cobaltorbit17@opswise.net,2024-09-21 11:50:09
285,clearcanyon51,clearcanyon51@hackstack.io,2025-03-02 14:11:26
286,harbordelta57,harbordelta57@opswise.net,2024-10-03 19:49:21
287,cobaltpioneer27,cobaltpioneer27@acme.dev,2024-12-03 13:07:12
288,briskharvest17,briskharvest17@acme.dev,2025-01-13 19:07:26
289,opaljourney77,opaljourney77@opswise.net,2025-02-13 02:14:14
290,ivoryjourney10,ivoryjourney10@opswise.net,2024-11-19 19:48:41
291,navyorbit06,navyorbit06@relay.cloud,2025-05-16 20:44:11
292,livelyorbit05,livelyorbit05@seeded.app,2024-07-31 01:12:16
293,jadequartz12,jadequartz12@hackstack.io,2025-05-29 13:21:36
294,clearkernel12,clearkernel12@example.com,2025-07-20 22:34:45
295,vividmeadow97,vividmeadow97@opswise.net,2024-06-08 08:18:57
296,proudfield03,proudfield03@opswise.net,2025-09-06 08:52:20
297,livelyuplink77,livelyuplink77@seeded.app,2025-08-26 00:48:46
298,warmfield03,warmfield03@opswise.net,2024-12-31 18:29:34
299,ivoryisland51,ivoryisland51@seeded.app,2024-02-23 08:58:00
300,jadesignal51,jadesignal51@opswise.net,2025-07-18 17:46:32
301,vividmeadow26,vividmeadow26@relay.cloud,2025-10-01 09:58:15
302,harboranchor07,harboranchor07@relay.cloud,2024-07-03 18:11:44
303,warmwindow83,warmwindow83@opswise.net,2024-09-04 00:21:55
304,urbandelta37,urbandelta37@example.com,2024-06-20 20:24:04
305,tidysignal83,tidysignal83@opswise.net,2024-10-05 15:59:02
306,quietquartz57,quietquartz57@example.com,2024-01-15 00:16:23
307,emberdelta21,emberdelta21@acme.dev,2025-10-23 16:33:03
308,vividmeadow63,vividmeadow63@relay.cloud,2025-07-05 18:33:56
309,goldjourney11,goldjourney11@seeded.app,2025-05-29 06:54:27
310,quietjourney09,quietjourney09@example.com,2024-07-11 07:55:25
311,jadequartz50,jadequartz50@hackstack.io,2025-11-28 23:05:45
312,warmpioneer28,warmpioneer28@relay.cloud,2025-05-14 07:15:23
313,embervalley15,embervalley15@example.com,2025-12-23 03:20:21
314,proudbeacon83,proudbeacon83@acme.dev,2024-02-12 03:51:19
315,youngzenith99,youngzenith99@opswise.net,2025-11-29 03:26:20
316,vividkernel21,vividkernel21@acme.dev,2024-12-24 02:57:58
317,harborquartz10,harborquartz10@example.com,2024-10-30 00:29:16
318,harborcanyon91,harborcanyon91@example.com,2024-05-12 18:14:40
319,proudriver96,proudriver96@opswise.net,2024-09-01 21:25:07
320,warmisland81,warmisland81@seeded.app,2024-06-27 15:01:53
321,prouddelta96,prouddelta96@opswise.net,2024-01-02 10:54:57
322,clearzenith89,clearzenith89@relay.cloud,2024-03-14 21:00:53
323,amberisland59,amberisland59@seeded.app,2025-02-20 22:28:33
324,forestcanyon57,forestcanyon57@hackstack.io,2024-07-24 23:33:28
325,tidyharvest75,tidyharvest75@seeded.app,2024-06-11 01:23:33
326,keenbeacon27,keenbeacon27@acme.dev,2024-11-02 04:39:05
327,opalriver29,opalriver29@acme.dev,2024-09-11 02:10:02
328,vividdelta72,vividdelta72@hackstack.io,2025-01-31 20:26:13
329,navytrail62,navytrail62@opswise.net,2025-02-03 03:49:17
330,opaltrail35,opaltrail35@hackstack.io,2025-07-13 03:36:58
331,navyisland30,navyisland30@example.com,2024-12-08 11:03:31
332,dawndelta84,dawndelta84@acme.dev,2025-05-16 19:07:37
333,vividjourney22,vividjourney22@acme.dev,2025-06-27 10:07:13
334,vividvalley93,vividvalley93@seeded.app,2024-03-17 14:09:13
335,opalbeacon02,opalbeacon02@example.com,2024-02-23 08:51:00
336,urbanbeacon88,urbanbeacon88@example.com,2025-07-17 01:37:53
337,livelybeacon67,livelybeacon67@seeded.app,2024-06-07 02:01:21
338,keenanchor60,keenanchor60@acme.dev,2025-02-17 21:47:27
339,emberdelta31,emberdelta31@acme.dev,2024-09-30 13:13:29
340,vividpioneer30,vividpioneer30@opswise.net,2024-07-18 21:24:27
341,ivoryfield39,ivoryfield39@seeded.app,2025-06-03 15:45:32
342,proudpioneer91,proudpioneer91@example.com,2026-01-30 07:12:16
343,rapidquartz82,rapidquartz82@relay.cloud,2025-07-27 17:37:22
344,silverjourney26,silverjourney26@seeded.app,2024-05-26 14:47:21
345,rapidpioneer19,rapidpioneer19@example.com,2025-01-31 17:42:37
346,tidyfield88,tidyfield88@acme.dev,2024-12-18 18:24:18
347,silveryard26,silveryard26@hackstack.io,2024-05-09 05:37:06
348,youngfield49,youngfield49@opswise.net,2025-11-26 18:25:12
349,emberuplink01,emberuplink01@seeded.app,2024-09-22 17:35:49
350,dawnkernel08,dawnkernel08@opswise.net,2025-07-07 10:54:48
351,keenquartz22,keenquartz22@relay.cloud,2024-11-09 18:13:22
352,tidyyard22,tidyyard22@seeded.app,2025-04-19 00:31:59
353,warmyard83,warmyard83@seeded.app,2024-01-09 12:39:07
354,goldharvest81,goldharvest81@relay.cloud,2025-02-25 20:33:42
355,vividquartz24,vividquartz24@seeded.app,2025-04-19 01:01:01
356,vividbeacon83,vividbeacon83@example.com,2025-06-18 01:53:41
357,dawnvalley88,dawnvalley88@relay.cloud,2024-04-04 03:36:59
358,clearnetwork42,clearnetwork42@example.com,2025-09-10 02:00:25
359,tidyorbit54,tidyorbit54@relay.cloud,2025-06-23 07:30:07
360,jadesignal61,jadesignal61@hackstack.io,2024-03-07 05:00:54
361,vividisland92,vividisland92@opswise.net,2024-08-09 15:27:12
362,quietorbit14,quietorbit14@acme.dev,2025-04-10 16:29:09
363,amberyard68,amberyard68@hackstack.io,2024-05-24 16:10:02
364,amberyard23,amberyard23@seeded.app,2025-12-30 03:33:11
365,quietisland02,quietisland02@opswise.net,2025-06-29 18:24:42
366,livelyjourney81,livelyjourney81@relay.cloud,2024-06-20 18:21:54
367,harborengine56,harborengine56@hackstack.io,2025-02-02 11:21:59
368,livelyzenith41,livelyzenith41@opswise.net,2024-04-20 07:01:20
369,rapidlagoon20,rapidlagoon20@seeded.app,2025-07-21 12:09:30
370,cobaltsignal45,cobaltsignal45@relay.cloud,2025-10-02 17:08:50
371,livelyvalley44,livelyvalley44@relay.cloud,2025-03-06 00:04:52
372,urbancanyon38,urbancanyon38@relay.cloud,2025-07-16 03:31:50
373,harborriver43,harborriver43@relay.cloud,2025-12-01 20:01:10
374,clearquartz21,clearquartz21@hackstack.io,2025-08-21 05:38:37
375,ambersignal76,ambersignal76@hackstack.io,2025-07-09 04:19:21
376,calmorbit78,calmorbit78@relay.cloud,2024-02-25 23:25:05
377,briskanchor62,briskanchor62@acme.dev,2025-06-27 15:23:45
378,harborfield29,harborfield29@seeded.app,2024-08-15 12:09:40
379,forestisland98,forestisland98@seeded.app,2024-09-16 14:36:33
380,vividlagoon14,vividlagoon14@relay.cloud,2025-12-17 19:42:40
381,vividisland71,vividisland71@opswise.net,2025-09-12 23:42:41
382,keenlagoon00,keenlagoon00@opswise.net,2024-11-03 05:42:11
383,emberengine04,emberengine04@acme.dev,2025-03-09 18:51:30
384,jadezenith05,jadezenith05@acme.dev,2024-09-10 21:39:55
385,livelyyard63,livelyyard63@acme.dev,2025-08-16 05:36:14
386,dawnbeacon65,dawnbeacon65@hackstack.io,2024-10-13 18:54:29
387,keenpioneer44,keenpioneer44@example.com,2024-02-10 02:22:41
388,keenjourney54,keenjourney54@hackstack.io,2024-01-26 21:32:34
389,jadewindow71,jadewindow71@example.com,2024-02-23 06:34:44
390,vividanchor09,vividanchor09@example.com,2025-04-29 18:37:32
391,livelyriver17,livelyriver17@hackstack.io,2025-03-23 09:25:43
392,briskjourney81,briskjourney81@acme.dev,2024-12-08 16:40:22
393,ivoryharvest83,ivoryharvest83@relay.cloud,2025-01-04 23:19:51
394,keenanchor16,keenanchor16@hackstack.io,2024-11-07 22:34:06
395,proudcanyon61,proudcanyon61@hackstack.io,2024-08-03 03:56:27
396,forestmeadow69,forestmeadow69@hackstack.io,2024-12-20 01:35:15
397,warmkernel07,warmkernel07@seeded.app,2025-02-24 21:26:27
398,urbangarden99,urbangarden99@relay.cloud,2024-04-09 22:53:47
399,keenyard11,keenyard11@example.com,2024-04-26 13:35:21
400,amberorbit94,amberorbit94@hackstack.io,2024-03-31 14:55:13
